[
{
    "model": "sessions.session",
    "pk": "3uulng1ojmwpquwplm1qpckvdgw7bhy4",
    "fields": {
        "session_data": "ZmJmNDAyMjVjYWIwMjU4MGNiOGZiMDEyNTA4YmQ2NzlhYjljMGNmMTp7Il9hdXRoX3VzZXJfaGFzaCI6IjZmZDliZTI4NThlYWIwMGYzOGY5MWQ5ZTcwMjE5MjQ2MDZhNDAxNjkiLCJfYXV0aF91c2VyX2JhY2tlbmQiOiJkamFuZ28uY29udHJpYi5hdXRoLmJhY2tlbmRzLk1vZGVsQmFja2VuZCIsIl9hdXRoX3VzZXJfaWQiOiIxIn0=",
        "expire_date": "2017-02-25T05:49:40.113Z"
    }
},
{
    "model": "sessions.session",
    "pk": "49hgwmg3ob7b0l85f9tl9h9a19b4nn76",
    "fields": {
        "session_data": "ODk3ZGVlODAzOGJlZjZhMDU2OTUwOTUyMWU1NWY5ODM2YTA1ZDQ0ZDp7Il9hdXRoX3VzZXJfaGFzaCI6IjU5MzE1YzIxMzkzMTAxYWNjZmY4Yjg4NmUwNTk4NTA4OGM1ZGYwYjYiLCJfYXV0aF91c2VyX2JhY2tlbmQiOiJkamFuZ28uY29udHJpYi5hdXRoLmJhY2tlbmRzLk1vZGVsQmFja2VuZCIsIl9hdXRoX3VzZXJfaWQiOiIxIn0=",
        "expire_date": "2017-02-28T12:06:52.953Z"
    }
},
{
    "model": "sessions.session",
    "pk": "4lh9jeaoxmt6icnntyov8ltqgfju1tox",
    "fields": {
        "session_data": "ODk3ZGVlODAzOGJlZjZhMDU2OTUwOTUyMWU1NWY5ODM2YTA1ZDQ0ZDp7Il9hdXRoX3VzZXJfaGFzaCI6IjU5MzE1YzIxMzkzMTAxYWNjZmY4Yjg4NmUwNTk4NTA4OGM1ZGYwYjYiLCJfYXV0aF91c2VyX2JhY2tlbmQiOiJkamFuZ28uY29udHJpYi5hdXRoLmJhY2tlbmRzLk1vZGVsQmFja2VuZCIsIl9hdXRoX3VzZXJfaWQiOiIxIn0=",
        "expire_date": "2017-03-06T09:25:10.435Z"
    }
},
{
    "model": "sessions.session",
    "pk": "6q3nvnllycqzlalcjwh1r2dal77b6m95",
    "fields": {
        "session_data": "NTI1ZDU2ZWE3NGQzNWZjYTM4MThjYmRmMDA5NjBiMDQ2MTdlOGIxMDp7Il9hdXRoX3VzZXJfaGFzaCI6IjgwNDBhOTgxYmI4YTNjOGMyMDQyNzBhN2E1OTg4ZDA3NjA0YWI2MzAiLCJfYXV0aF91c2VyX2JhY2tlbmQiOiJhY2NvdW50cy5iYWNrZW5kcy5FbWFpbEF1dGgiLCJfYXV0aF91c2VyX2lkIjoiMyJ9",
        "expire_date": "2017-03-06T16:13:37.542Z"
    }
},
{
    "model": "sessions.session",
    "pk": "kegmwi07lj8djyvtgrf17miqlszrx5ak",
    "fields": {
        "session_data": "ODk3ZGVlODAzOGJlZjZhMDU2OTUwOTUyMWU1NWY5ODM2YTA1ZDQ0ZDp7Il9hdXRoX3VzZXJfaGFzaCI6IjU5MzE1YzIxMzkzMTAxYWNjZmY4Yjg4NmUwNTk4NTA4OGM1ZGYwYjYiLCJfYXV0aF91c2VyX2JhY2tlbmQiOiJkamFuZ28uY29udHJpYi5hdXRoLmJhY2tlbmRzLk1vZGVsQmFja2VuZCIsIl9hdXRoX3VzZXJfaWQiOiIxIn0=",
        "expire_date": "2017-03-02T21:23:24.712Z"
    }
},
{
    "model": "sessions.session",
    "pk": "mhqqfytkmd4onwk8kfarhcqayhgoze31",
    "fields": {
        "session_data": "NDU4YmZlMDRhODQ1OWVhMjEwYTBhMTBiOWNkOWExZDFkYzNmODg5NTp7Il9hdXRoX3VzZXJfaGFzaCI6IjU5MzE1YzIxMzkzMTAxYWNjZmY4Yjg4NmUwNTk4NTA4OGM1ZGYwYjYiLCJfYXV0aF91c2VyX2JhY2tlbmQiOiJhY2NvdW50cy5iYWNrZW5kcy5FbWFpbEF1dGgiLCJfYXV0aF91c2VyX2lkIjoiMSJ9",
        "expire_date": "2017-03-07T12:14:41.626Z"
    }
},
{
    "model": "sessions.session",
    "pk": "n0n7hdkiuuxr43gfo93w3pfc7uq4bima",
    "fields": {
        "session_data": "ODk3ZGVlODAzOGJlZjZhMDU2OTUwOTUyMWU1NWY5ODM2YTA1ZDQ0ZDp7Il9hdXRoX3VzZXJfaGFzaCI6IjU5MzE1YzIxMzkzMTAxYWNjZmY4Yjg4NmUwNTk4NTA4OGM1ZGYwYjYiLCJfYXV0aF91c2VyX2JhY2tlbmQiOiJkamFuZ28uY29udHJpYi5hdXRoLmJhY2tlbmRzLk1vZGVsQmFja2VuZCIsIl9hdXRoX3VzZXJfaWQiOiIxIn0=",
        "expire_date": "2017-03-07T12:23:43.050Z"
    }
},
{
    "model": "sessions.session",
    "pk": "oev6vb4fuag0yhpa7ox4zncvxh0bksb0",
    "fields": {
        "session_data": "ODk3ZGVlODAzOGJlZjZhMDU2OTUwOTUyMWU1NWY5ODM2YTA1ZDQ0ZDp7Il9hdXRoX3VzZXJfaGFzaCI6IjU5MzE1YzIxMzkzMTAxYWNjZmY4Yjg4NmUwNTk4NTA4OGM1ZGYwYjYiLCJfYXV0aF91c2VyX2JhY2tlbmQiOiJkamFuZ28uY29udHJpYi5hdXRoLmJhY2tlbmRzLk1vZGVsQmFja2VuZCIsIl9hdXRoX3VzZXJfaWQiOiIxIn0=",
        "expire_date": "2017-03-07T09:07:54.249Z"
    }
},
{
    "model": "sessions.session",
    "pk": "p7ik3j4v0jhrfzbjz65z545fj4liaxcj",
    "fields": {
        "session_data": "ZmJmNDAyMjVjYWIwMjU4MGNiOGZiMDEyNTA4YmQ2NzlhYjljMGNmMTp7Il9hdXRoX3VzZXJfaGFzaCI6IjZmZDliZTI4NThlYWIwMGYzOGY5MWQ5ZTcwMjE5MjQ2MDZhNDAxNjkiLCJfYXV0aF91c2VyX2JhY2tlbmQiOiJkamFuZ28uY29udHJpYi5hdXRoLmJhY2tlbmRzLk1vZGVsQmFja2VuZCIsIl9hdXRoX3VzZXJfaWQiOiIxIn0=",
        "expire_date": "2017-02-21T16:27:42.148Z"
    }
},
{
    "model": "sites.site",
    "pk": 3,
    "fields": {
        "domain": "localhost",
        "name": "localhost"
    }
},
{
    "model": "accounts.user",
    "pk": 1,
    "fields": {
        "password": "pbkdf2_sha256$30000$zLZMygSnqy3q$PCiaYwpjuQAsP3/37/HrinDbAZl9P14OH+SyyeB+4SM=",
        "last_login": "2017-02-21T12:23:43.044Z",
        "is_superuser": true,
        "username": "frankmullen@test.com",
        "first_name": "",
        "last_name": "",
        "email": "frankmullen@test.com",
        "is_staff": true,
        "is_active": true,
        "date_joined": "2017-02-07T14:49:15.449Z",
        "stripe_id": "",
        "subscription_end": "2017-02-15T13:13:27.340Z",
        "groups": [],
        "user_permissions": []
    }
},
{
    "model": "accounts.user",
    "pk": 2,
    "fields": {
        "password": "pbkdf2_sha256$30000$ax1gJgwkBeAF$5s5q8kXxSwc6K7swOmNLK+Do4D8Vq/YPNAoVcfGcNCk=",
        "last_login": null,
        "is_superuser": false,
        "username": "frank@test.com",
        "first_name": "",
        "last_name": "",
        "email": "frank@test.com",
        "is_staff": false,
        "is_active": true,
        "date_joined": "2017-02-07T15:03:46.420Z",
        "stripe_id": "",
        "subscription_end": "2017-02-15T13:13:27.340Z",
        "groups": [],
        "user_permissions": []
    }
},
{
    "model": "accounts.user",
    "pk": 3,
    "fields": {
        "password": "pbkdf2_sha256$30000$J4y9ZRhWsfkv$lFSAj9IRwRNK5F5G+Fv6xmk4kyhfRmN2+IhUrRsjV2E=",
        "last_login": "2017-02-20T16:13:37.502Z",
        "is_superuser": false,
        "username": "rechi@test.com",
        "first_name": "",
        "last_name": "",
        "email": "rechi@test.com",
        "is_staff": false,
        "is_active": true,
        "date_joined": "2017-02-07T15:13:41.337Z",
        "stripe_id": "",
        "subscription_end": "2017-02-15T13:13:27.340Z",
        "groups": [],
        "user_permissions": []
    }
},
{
    "model": "accounts.user",
    "pk": 4,
    "fields": {
        "password": "pbkdf2_sha256$30000$X3QhtEYLF3Ek$TQ8SBeUIpGP6jZNSTSSQBHYT5SHnjfaYZl3Vp+oYCz4=",
        "last_login": "2017-02-19T10:58:01.360Z",
        "is_superuser": false,
        "username": "josh@test.com",
        "first_name": "",
        "last_name": "",
        "email": "josh@test.com",
        "is_staff": false,
        "is_active": true,
        "date_joined": "2017-02-07T16:14:13.327Z",
        "stripe_id": "",
        "subscription_end": "2017-02-15T13:13:27.340Z",
        "groups": [],
        "user_permissions": []
    }
},
{
    "model": "accounts.user",
    "pk": 5,
    "fields": {
        "password": "pbkdf2_sha256$30000$gL0wGgU2KfdE$yKoxA39cVzrv031d+f0WJTSG3UDHYQs3nxiMkBXB3Kw=",
        "last_login": null,
        "is_superuser": false,
        "username": "machu@test.com",
        "first_name": "",
        "last_name": "",
        "email": "machu@test.com",
        "is_staff": false,
        "is_active": true,
        "date_joined": "2017-02-08T16:43:56.083Z",
        "stripe_id": "",
        "subscription_end": "2017-02-15T13:13:27.340Z",
        "groups": [],
        "user_permissions": []
    }
},
{
    "model": "accounts.user",
    "pk": 6,
    "fields": {
        "password": "pbkdf2_sha256$30000$0mSgduvKuWN7$MbTXeo366sloM9PblxzO3DX74YP03gGsAMPKQhbb5kk=",
        "last_login": "2017-02-15T12:50:27.760Z",
        "is_superuser": false,
        "username": "omaru@test.com",
        "first_name": "",
        "last_name": "",
        "email": "omaru@test.com",
        "is_staff": false,
        "is_active": true,
        "date_joined": "2017-02-15T12:50:26.452Z",
        "stripe_id": "",
        "subscription_end": "2017-02-15T13:13:27.340Z",
        "groups": [],
        "user_permissions": []
    }
},
{
    "model": "accounts.user",
    "pk": 7,
    "fields": {
        "password": "pbkdf2_sha256$30000$2v9hiW9MWXu3$MMuwl+qEfMDUHwxzRFyhmABH2BGR7Xl6ZjQ0Hk6pLi4=",
        "last_login": "2017-02-15T13:14:39.990Z",
        "is_superuser": false,
        "username": "isabel@test.com",
        "first_name": "",
        "last_name": "",
        "email": "isabel@test.com",
        "is_staff": false,
        "is_active": true,
        "date_joined": "2017-02-15T13:14:37.046Z",
        "stripe_id": "cus_A7i2BWnsdrt8OH",
        "subscription_end": "2017-03-15T13:14:39.839Z",
        "groups": [],
        "user_permissions": []
    }
},
{
    "model": "accounts.user",
    "pk": 8,
    "fields": {
        "password": "pbkdf2_sha256$30000$rZswdtYoWrpA$+dqsL2ndfdXwAkm1npezsnQCPLgUUO0a+pERjFZnLtg=",
        "last_login": "2017-02-16T11:40:42.845Z",
        "is_superuser": false,
        "username": "marjorie@test.com",
        "first_name": "",
        "last_name": "",
        "email": "marjorie@test.com",
        "is_staff": false,
        "is_active": true,
        "date_joined": "2017-02-16T11:40:40.038Z",
        "stripe_id": "cus_A83k5y33NY7KBZ",
        "subscription_end": "2017-03-16T11:40:42.675Z",
        "groups": [],
        "user_permissions": []
    }
},
{
    "model": "blog.post",
    "pk": 1,
    "fields": {
        "author": [
            "frankmullen@test.com"
        ],
        "title": "Best Dentist Service",
        "content": "Lorem ipsum dolor sit amet, consectetur adipiscing elit, sed do eiusmod tempor incididunt ut labore et dolore magna aliqua. Ut enim ad minim veniam, quis nostrud exercitation ullamco laboris nisi ut aliquip ex ea commodo consequat. Duis aute irure dolor in reprehenderit in voluptate velit esse cillum dolore eu fugiat nulla pariatur. Excepteur sint occaecat cupidatat non proident, sunt in culpa qui officia deserunt mollit anim id est laborum.\r\n\r\nLorem ipsum dolor sit amet, consectetur adipiscing elit, sed do eiusmod tempor incididunt ut labore et dolore magna aliqua. Ut enim ad minim veniam, quis nostrud exercitation ullamco laboris nisi ut aliquip ex ea commodo consequat. Duis aute irure dolor in reprehenderit in voluptate velit esse cillum dolore eu fugiat nulla pariatur. Excepteur sint occaecat cupidatat non proident, sunt in culpa qui officia deserunt mollit anim id est laborum.\r\n\r\nLorem ipsum dolor sit amet, consectetur adipiscing elit, sed do eiusmod tempor incididunt ut labore et dolore magna aliqua. Ut enim ad minim veniam, quis nostrud exercitation ullamco laboris nisi ut aliquip ex ea commodo consequat. Duis aute irure dolor in reprehenderit in voluptate velit esse cillum dolore eu fugiat nulla pariatur. Excepteur sint occaecat cupidatat non proident, sunt in culpa qui officia deserunt mollit anim id est laborum.",
        "created_date": "2017-02-16T13:06:33.611Z",
        "published_date": "2017-02-16T13:06:27Z",
        "views": 35,
        "tag": "",
        "image": "images/Screen_Shot_2017-02-16_at_21.21.05.jpg"
    }
},
{
    "model": "blog.post",
    "pk": 2,
    "fields": {
        "author": [
            "frankmullen@test.com"
        ],
        "title": "Toothbrush Tips",
        "content": "Lorem ipsum dolor sit amet, consectetur adipiscing elit, sed do eiusmod tempor incididunt ut labore et dolore magna aliqua. Ut enim ad minim veniam, quis nostrud exercitation ullamco laboris nisi ut aliquip ex ea commodo consequat. Duis aute irure dolor in reprehenderit in voluptate velit esse cillum dolore eu fugiat nulla pariatur. Excepteur sint occaecat cupidatat non proident, sunt in culpa qui officia deserunt mollit anim id est laborum.\r\n\r\nLorem ipsum dolor sit amet, consectetur adipiscing elit, sed do eiusmod tempor incididunt ut labore et dolore magna aliqua. Ut enim ad minim veniam, quis nostrud exercitation ullamco laboris nisi ut aliquip ex ea commodo consequat. Duis aute irure dolor in reprehenderit in voluptate velit esse cillum dolore eu fugiat nulla pariatur. Excepteur sint occaecat cupidatat non proident, sunt in culpa qui officia deserunt mollit anim id est laborum.\r\n\r\nLorem ipsum dolor sit amet, consectetur adipiscing elit, sed do eiusmod tempor incididunt ut labore et dolore magna aliqua. Ut enim ad minim veniam, quis nostrud exercitation ullamco laboris nisi ut aliquip ex ea commodo consequat. Duis aute irure dolor in reprehenderit in voluptate velit esse cillum dolore eu fugiat nulla pariatur. Excepteur sint occaecat cupidatat non proident, sunt in culpa qui officia deserunt mollit anim id est laborum.",
        "created_date": "2017-02-17T09:01:17.608Z",
        "published_date": "2017-02-17T09:00:51Z",
        "views": 2,
        "tag": "",
        "image": "images/dentist-2.jpg"
    }
},
{
    "model": "blog.post",
    "pk": 3,
    "fields": {
        "author": [
            "frankmullen@test.com"
        ],
        "title": "Surgery Hygiene",
        "content": "Lorem ipsum dolor sit amet, consectetur adipiscing elit, sed do eiusmod tempor incididunt ut labore et dolore magna aliqua. Ut enim ad minim veniam, quis nostrud exercitation ullamco laboris nisi ut aliquip ex ea commodo consequat. Duis aute irure dolor in reprehenderit in voluptate velit esse cillum dolore eu fugiat nulla pariatur. Excepteur sint occaecat cupidatat non proident, sunt in culpa qui officia deserunt mollit anim id est laborum.\r\n\r\nLorem ipsum dolor sit amet, consectetur adipiscing elit, sed do eiusmod tempor incididunt ut labore et dolore magna aliqua. Ut enim ad minim veniam, quis nostrud exercitation ullamco laboris nisi ut aliquip ex ea commodo consequat. Duis aute irure dolor in reprehenderit in voluptate velit esse cillum dolore eu fugiat nulla pariatur. Excepteur sint occaecat cupidatat non proident, sunt in culpa qui officia deserunt mollit anim id est laborum.\r\n\r\nLorem ipsum dolor sit amet, consectetur adipiscing elit, sed do eiusmod tempor incididunt ut labore et dolore magna aliqua. Ut enim ad minim veniam, quis nostrud exercitation ullamco laboris nisi ut aliquip ex ea commodo consequat. Duis aute irure dolor in reprehenderit in voluptate velit esse cillum dolore eu fugiat nulla pariatur. Excepteur sint occaecat cupidatat non proident, sunt in culpa qui officia deserunt mollit anim id est laborum.",
        "created_date": "2017-02-17T09:04:01.779Z",
        "published_date": "2017-02-17T09:03:55Z",
        "views": 0,
        "tag": "",
        "image": "images/dentist-3.jpg"
    }
},
{
    "model": "blog.post",
    "pk": 4,
    "fields": {
        "author": [
            "frankmullen@test.com"
        ],
        "title": "Cavity Therapy",
        "content": "Lorem ipsum dolor sit amet, consectetur adipiscing elit, sed do eiusmod tempor incididunt ut labore et dolore magna aliqua. Ut enim ad minim veniam, quis nostrud exercitation ullamco laboris nisi ut aliquip ex ea commodo consequat. Duis aute irure dolor in reprehenderit in voluptate velit esse cillum dolore eu fugiat nulla pariatur. Excepteur sint occaecat cupidatat non proident, sunt in culpa qui officia deserunt mollit anim id est laborum.\r\n\r\nLorem ipsum dolor sit amet, consectetur adipiscing elit, sed do eiusmod tempor incididunt ut labore et dolore magna aliqua. Ut enim ad minim veniam, quis nostrud exercitation ullamco laboris nisi ut aliquip ex ea commodo consequat. Duis aute irure dolor in reprehenderit in voluptate velit esse cillum dolore eu fugiat nulla pariatur. Excepteur sint occaecat cupidatat non proident, sunt in culpa qui officia deserunt mollit anim id est laborum.\r\n\r\nLorem ipsum dolor sit amet, consectetur adipiscing elit, sed do eiusmod tempor incididunt ut labore et dolore magna aliqua. Ut enim ad minim veniam, quis nostrud exercitation ullamco laboris nisi ut aliquip ex ea commodo consequat. Duis aute irure dolor in reprehenderit in voluptate velit esse cillum dolore eu fugiat nulla pariatur. Excepteur sint occaecat cupidatat non proident, sunt in culpa qui officia deserunt mollit anim id est laborum.",
        "created_date": "2017-02-17T09:04:32.751Z",
        "published_date": "2017-02-17T09:04:25Z",
        "views": 0,
        "tag": "",
        "image": "images/dentist-4.jpg"
    }
},
{
    "model": "blog.post",
    "pk": 5,
    "fields": {
        "author": [
            "frankmullen@test.com"
        ],
        "title": "Dental Implants",
        "content": "Lorem ipsum dolor sit amet, consectetur adipiscing elit, sed do eiusmod tempor incididunt ut labore et dolore magna aliqua. Ut enim ad minim veniam, quis nostrud exercitation ullamco laboris nisi ut aliquip ex ea commodo consequat. Duis aute irure dolor in reprehenderit in voluptate velit esse cillum dolore eu fugiat nulla pariatur. Excepteur sint occaecat cupidatat non proident, sunt in culpa qui officia deserunt mollit anim id est laborum.\r\n\r\nLorem ipsum dolor sit amet, consectetur adipiscing elit, sed do eiusmod tempor incididunt ut labore et dolore magna aliqua. Ut enim ad minim veniam, quis nostrud exercitation ullamco laboris nisi ut aliquip ex ea commodo consequat. Duis aute irure dolor in reprehenderit in voluptate velit esse cillum dolore eu fugiat nulla pariatur. Excepteur sint occaecat cupidatat non proident, sunt in culpa qui officia deserunt mollit anim id est laborum.\r\n\r\nLorem ipsum dolor sit amet, consectetur adipiscing elit, sed do eiusmod tempor incididunt ut labore et dolore magna aliqua. Ut enim ad minim veniam, quis nostrud exercitation ullamco laboris nisi ut aliquip ex ea commodo consequat. Duis aute irure dolor in reprehenderit in voluptate velit esse cillum dolore eu fugiat nulla pariatur. Excepteur sint occaecat cupidatat non proident, sunt in culpa qui officia deserunt mollit anim id est laborum.",
        "created_date": "2017-02-17T09:05:28.961Z",
        "published_date": "2017-02-17T09:05:22Z",
        "views": 0,
        "tag": "",
        "image": "images/dentist-5.jpg"
    }
},
{
    "model": "blog.post",
    "pk": 6,
    "fields": {
        "author": [
            "frankmullen@test.com"
        ],
        "title": "Panoramic X-Rays",
        "content": "Lorem ipsum dolor sit amet, consectetur adipiscing elit, sed do eiusmod tempor incididunt ut labore et dolore magna aliqua. Ut enim ad minim veniam, quis nostrud exercitation ullamco laboris nisi ut aliquip ex ea commodo consequat. Duis aute irure dolor in reprehenderit in voluptate velit esse cillum dolore eu fugiat nulla pariatur. Excepteur sint occaecat cupidatat non proident, sunt in culpa qui officia deserunt mollit anim id est laborum.\r\n\r\nLorem ipsum dolor sit amet, consectetur adipiscing elit, sed do eiusmod tempor incididunt ut labore et dolore magna aliqua. Ut enim ad minim veniam, quis nostrud exercitation ullamco laboris nisi ut aliquip ex ea commodo consequat. Duis aute irure dolor in reprehenderit in voluptate velit esse cillum dolore eu fugiat nulla pariatur. Excepteur sint occaecat cupidatat non proident, sunt in culpa qui officia deserunt mollit anim id est laborum.\r\n\r\nLorem ipsum dolor sit amet, consectetur adipiscing elit, sed do eiusmod tempor incididunt ut labore et dolore magna aliqua. Ut enim ad minim veniam, quis nostrud exercitation ullamco laboris nisi ut aliquip ex ea commodo consequat. Duis aute irure dolor in reprehenderit in voluptate velit esse cillum dolore eu fugiat nulla pariatur. Excepteur sint occaecat cupidatat non proident, sunt in culpa qui officia deserunt mollit anim id est laborum.",
        "created_date": "2017-02-17T09:06:06.874Z",
        "published_date": "2017-02-17T09:05:58Z",
        "views": 1,
        "tag": "",
        "image": "images/dentist-6.jpg"
    }
},
{
    "model": "blog.post",
    "pk": 7,
    "fields": {
        "author": [
            "frankmullen@test.com"
        ],
        "title": "Healthy Kids' Teeth",
        "content": "Lorem ipsum dolor sit amet, consectetur adipiscing elit, sed do eiusmod tempor incididunt ut labore et dolore magna aliqua. Ut enim ad minim veniam, quis nostrud exercitation ullamco laboris nisi ut aliquip ex ea commodo consequat. Duis aute irure dolor in reprehenderit in voluptate velit esse cillum dolore eu fugiat nulla pariatur. Excepteur sint occaecat cupidatat non proident, sunt in culpa qui officia deserunt mollit anim id est laborum.\r\n\r\nLorem ipsum dolor sit amet, consectetur adipiscing elit, sed do eiusmod tempor incididunt ut labore et dolore magna aliqua. Ut enim ad minim veniam, quis nostrud exercitation ullamco laboris nisi ut aliquip ex ea commodo consequat. Duis aute irure dolor in reprehenderit in voluptate velit esse cillum dolore eu fugiat nulla pariatur. Excepteur sint occaecat cupidatat non proident, sunt in culpa qui officia deserunt mollit anim id est laborum.\r\n\r\nLorem ipsum dolor sit amet, consectetur adipiscing elit, sed do eiusmod tempor incididunt ut labore et dolore magna aliqua. Ut enim ad minim veniam, quis nostrud exercitation ullamco laboris nisi ut aliquip ex ea commodo consequat. Duis aute irure dolor in reprehenderit in voluptate velit esse cillum dolore eu fugiat nulla pariatur. Excepteur sint occaecat cupidatat non proident, sunt in culpa qui officia deserunt mollit anim id est laborum.",
        "created_date": "2017-02-17T09:11:53.220Z",
        "published_date": "2017-02-17T09:11:43Z",
        "views": 10,
        "tag": "",
        "image": "images/dentist-7.jpg"
    }
},
{
    "model": "services.service",
    "pk": 1,
    "fields": {
        "name": "Service 1",
        "description": "Test service 1",
        "price": "90.00"
    }
},
{
    "model": "services.service",
    "pk": 2,
    "fields": {
        "name": "Service 2",
        "description": "Test service 2",
        "price": "80.00"
    }
},
{
    "model": "services.service",
    "pk": 3,
    "fields": {
        "name": "Service 3",
        "description": "Test service 3",
        "price": "70.00"
    }
},
{
    "model": "services.service",
    "pk": 4,
    "fields": {
        "name": "Service 4",
        "description": "Test service 4",
        "price": "60.00"
    }
},
{
    "model": "services.service",
    "pk": 5,
    "fields": {
        "name": "Service 5",
        "description": "Test service 5",
        "price": "50.00"
    }
},
{
    "model": "threads.subject",
    "pk": 1,
    "fields": {
        "name": "Brushing",
        "description": "<p>Do you have questions about brushing? Ask them here!</p>"
    }
},
{
    "model": "threads.subject",
    "pk": 2,
    "fields": {
        "name": "Flossing",
        "description": "<p>Tips and tricks on the latest flossing tools and techniques.</p>"
    }
},
{
    "model": "threads.subject",
    "pk": 3,
    "fields": {
        "name": "Gum Health",
        "description": "<p>Worried about your gums? Get free advice here.</p>"
    }
},
{
    "model": "threads.subject",
    "pk": 4,
    "fields": {
        "name": "Services",
        "description": "<p>Ask questions about any of our treatments.</p>"
    }
},
{
    "model": "threads.subject",
    "pk": 5,
    "fields": {
        "name": "Admin",
        "description": "<p>Let us know if there's anything we can do to make your life easier.</p>"
    }
},
{
    "model": "threads.thread",
    "pk": 2,
    "fields": {
        "name": "Surgery Administration",
        "user": [
            "frankmullen@test.com"
        ],
        "subject": 4,
        "created_at": "2017-02-20T09:22:28Z"
    }
},
{
    "model": "threads.thread",
    "pk": 3,
    "fields": {
        "name": "Can I change my booking please?",
        "user": [
            "frankmullen@test.com"
        ],
        "subject": 4,
        "created_at": "2017-02-20T09:37:21.942Z"
    }
},
{
    "model": "threads.thread",
    "pk": 4,
    "fields": {
        "name": "How many times do you brush your teeth a day?",
        "user": [
            "frankmullen@test.com"
        ],
        "subject": 3,
        "created_at": "2017-02-20T09:37:21.942Z"
    }
},
{
    "model": "threads.thread",
    "pk": 5,
    "fields": {
        "name": "Test thread",
        "user": [
            "frankmullen@test.com"
        ],
        "subject": 3,
        "created_at": "2017-02-20T09:45:44.664Z"
    }
},
{
    "model": "threads.thread",
    "pk": 6,
    "fields": {
        "name": "Test question about brushing",
        "user": [
            "rechi@test.com"
        ],
        "subject": 1,
        "created_at": "2017-02-20T15:52:23.834Z"
    }
},
{
    "model": "threads.thread",
    "pk": 7,
    "fields": {
        "name": "What is the best way to have healthy gums?",
        "user": [
            "frankmullen@test.com"
        ],
        "subject": 3,
        "created_at": "2017-02-21T09:58:36.937Z"
    }
},
{
    "model": "threads.thread",
    "pk": 8,
    "fields": {
        "name": "Test a poll",
        "user": [
            "frankmullen@test.com"
        ],
        "subject": 3,
        "created_at": "2017-02-21T11:03:45.633Z"
    }
},
{
    "model": "threads.thread",
    "pk": 9,
    "fields": {
        "name": "What times are your surgery open?",
        "user": [
            "frankmullen@test.com"
        ],
        "subject": 4,
        "created_at": "2017-02-21T12:37:47.517Z"
    }
},
{
    "model": "threads.post",
    "pk": 1,
    "fields": {
        "thread": 3,
        "comment": "<p>Its' on blah blah day and I want to change it to blah blah time.</p>\r\n<p>Thanks</p>",
        "user": [
            "frankmullen@test.com"
        ],
        "created_at": "2017-02-20T09:37:21.943Z"
    }
},
{
    "model": "threads.post",
    "pk": 2,
    "fields": {
        "thread": 3,
        "comment": "<p>Yes, you can change your appointment</p>",
        "user": [
            "frankmullen@test.com"
        ],
        "created_at": "2017-02-20T09:37:21.943Z"
    }
},
{
    "model": "threads.post",
    "pk": 3,
    "fields": {
        "thread": 4,
        "comment": "",
        "user": [
            "frankmullen@test.com"
        ],
        "created_at": "2017-02-20T09:37:21.943Z"
    }
},
{
    "model": "threads.post",
    "pk": 4,
    "fields": {
        "thread": 5,
        "comment": "<p>Hello</p>",
        "user": [
            "frankmullen@test.com"
        ],
        "created_at": "2017-02-20T09:45:44.665Z"
    }
},
{
    "model": "threads.post",
    "pk": 5,
    "fields": {
        "thread": 6,
        "comment": "<p>Test question</p>",
        "user": [
            "rechi@test.com"
        ],
        "created_at": "2017-02-20T15:52:23.835Z"
    }
},
{
    "model": "threads.post",
    "pk": 6,
    "fields": {
        "thread": 7,
        "comment": "<p>Could you give me some advice please?</p>",
        "user": [
            "frankmullen@test.com"
        ],
        "created_at": "2017-02-21T09:58:36.937Z"
    }
},
{
    "model": "threads.post",
    "pk": 7,
    "fields": {
        "thread": 7,
        "comment": "<p>I don't know</p>",
        "user": [
            "frankmullen@test.com"
        ],
        "created_at": "2017-02-21T09:58:36.937Z"
    }
},
{
    "model": "threads.post",
    "pk": 8,
    "fields": {
        "thread": 8,
        "comment": "<p>Teeth brushing again</p>",
        "user": [
            "frankmullen@test.com"
        ],
        "created_at": "2017-02-21T11:03:45.634Z"
    }
},
{
    "model": "threads.post",
    "pk": 9,
    "fields": {
        "thread": 9,
        "comment": "<p>Please let me know thanks.</p>",
        "user": [
            "frankmullen@test.com"
        ],
        "created_at": "2017-02-21T12:37:47.517Z"
    }
},
{
    "model": "polls.poll",
    "pk": 1,
    "fields": {
        "question": "",
        "thread": 3
    }
},
{
    "model": "polls.poll",
    "pk": 2,
    "fields": {
        "question": "How many times do you brush your teeth?",
        "thread": 4
    }
},
{
    "model": "polls.poll",
    "pk": 3,
    "fields": {
        "question": "1",
        "thread": 5
    }
},
{
    "model": "polls.poll",
    "pk": 4,
    "fields": {
        "question": "",
        "thread": 6
    }
},
{
    "model": "polls.poll",
    "pk": 5,
    "fields": {
        "question": "",
        "thread": 7
    }
},
{
    "model": "polls.poll",
    "pk": 6,
    "fields": {
        "question": "",
        "thread": 8
    }
},
{
    "model": "polls.poll",
    "pk": 7,
    "fields": {
        "question": "",
        "thread": 9
    }
},
{
    "model": "polls.pollsubject",
    "pk": 1,
    "fields": {
        "name": "",
        "poll": 1
    }
},
{
    "model": "polls.pollsubject",
    "pk": 2,
    "fields": {
        "name": "",
        "poll": 1
    }
},
{
    "model": "polls.pollsubject",
    "pk": 3,
    "fields": {
        "name": "",
        "poll": 1
    }
},
{
    "model": "polls.pollsubject",
    "pk": 4,
    "fields": {
        "name": "1",
        "poll": 2
    }
},
{
    "model": "polls.pollsubject",
    "pk": 5,
    "fields": {
        "name": "2",
        "poll": 2
    }
},
{
    "model": "polls.pollsubject",
    "pk": 6,
    "fields": {
        "name": "3+",
        "poll": 2
    }
},
{
    "model": "polls.pollsubject",
    "pk": 7,
    "fields": {
        "name": "2",
        "poll": 3
    }
},
{
    "model": "polls.pollsubject",
    "pk": 8,
    "fields": {
        "name": "3",
        "poll": 3
    }
},
{
    "model": "polls.pollsubject",
    "pk": 9,
    "fields": {
        "name": "4",
        "poll": 3
    }
},
{
    "model": "polls.pollsubject",
    "pk": 10,
    "fields": {
        "name": "",
        "poll": 4
    }
},
{
    "model": "polls.pollsubject",
    "pk": 11,
    "fields": {
        "name": "",
        "poll": 4
    }
},
{
    "model": "polls.pollsubject",
    "pk": 12,
    "fields": {
        "name": "",
        "poll": 4
    }
},
{
    "model": "polls.pollsubject",
    "pk": 13,
    "fields": {
        "name": "",
        "poll": 5
    }
},
{
    "model": "polls.pollsubject",
    "pk": 14,
    "fields": {
        "name": "",
        "poll": 5
    }
},
{
    "model": "polls.pollsubject",
    "pk": 15,
    "fields": {
        "name": "",
        "poll": 5
    }
},
{
    "model": "polls.pollsubject",
    "pk": 16,
    "fields": {
        "name": "once a day",
        "poll": 6
    }
},
{
    "model": "polls.pollsubject",
    "pk": 17,
    "fields": {
        "name": "twice a day",
        "poll": 6
    }
},
{
    "model": "polls.pollsubject",
    "pk": 18,
    "fields": {
        "name": "three times a day",
        "poll": 6
    }
},
{
    "model": "polls.pollsubject",
    "pk": 19,
    "fields": {
        "name": "",
        "poll": 7
    }
},
{
    "model": "polls.pollsubject",
    "pk": 20,
    "fields": {
        "name": "",
        "poll": 7
    }
},
{
    "model": "polls.pollsubject",
    "pk": 21,
    "fields": {
        "name": "",
        "poll": 7
    }
},
{
    "model": "polls.vote",
    "pk": 1,
    "fields": {
        "poll": 2,
        "subject": 5,
        "user": [
            "frankmullen@test.com"
        ]
    }
},
{
    "model": "admin.logentry",
    "pk": 1,
    "fields": {
        "action_time": "2017-02-07T16:18:44.169Z",
        "user": [
            "frankmullen@test.com"
        ],
        "content_type": [
            "sites",
            "site"
        ],
        "object_id": "3",
        "object_repr": "localhost",
        "action_flag": 1,
        "change_message": "[{\"added\": {}}]"
    }
},
{
    "model": "admin.logentry",
    "pk": 2,
    "fields": {
        "action_time": "2017-02-07T16:18:46.540Z",
        "user": [
            "frankmullen@test.com"
        ],
        "content_type": [
            "flatpages",
            "flatpage"
        ],
        "object_id": "1",
        "object_repr": "/about/ -- About",
        "action_flag": 1,
        "change_message": "[{\"added\": {}}]"
    }
},
{
    "model": "admin.logentry",
    "pk": 3,
    "fields": {
        "action_time": "2017-02-07T16:21:57.546Z",
        "user": [
            "frankmullen@test.com"
        ],
        "content_type": [
            "flatpages",
            "flatpage"
        ],
        "object_id": "1",
        "object_repr": "/pages/about/ -- About",
        "action_flag": 2,
        "change_message": "[{\"changed\": {\"fields\": [\"url\"]}}]"
    }
},
{
    "model": "admin.logentry",
    "pk": 4,
    "fields": {
        "action_time": "2017-02-07T16:27:55.258Z",
        "user": [
            "frankmullen@test.com"
        ],
        "content_type": [
            "flatpages",
            "flatpage"
        ],
        "object_id": "1",
        "object_repr": "/pages/about/ -- About",
        "action_flag": 3,
        "change_message": ""
    }
},
{
    "model": "admin.logentry",
    "pk": 5,
    "fields": {
        "action_time": "2017-02-07T16:28:23.516Z",
        "user": [
            "frankmullen@test.com"
        ],
        "content_type": [
            "flatpages",
            "flatpage"
        ],
        "object_id": "2",
        "object_repr": "/about/ -- About",
        "action_flag": 1,
        "change_message": "[{\"added\": {}}]"
    }
},
{
    "model": "admin.logentry",
    "pk": 6,
    "fields": {
        "action_time": "2017-02-07T16:28:47.848Z",
        "user": [
            "frankmullen@test.com"
        ],
        "content_type": [
            "flatpages",
            "flatpage"
        ],
        "object_id": "2",
        "object_repr": "/about/ -- About",
        "action_flag": 3,
        "change_message": ""
    }
},
{
    "model": "admin.logentry",
    "pk": 7,
    "fields": {
        "action_time": "2017-02-07T16:29:00.734Z",
        "user": [
            "frankmullen@test.com"
        ],
        "content_type": [
            "flatpages",
            "flatpage"
        ],
        "object_id": "3",
        "object_repr": "/pages/about/ -- About",
        "action_flag": 1,
        "change_message": "[{\"added\": {}}]"
    }
},
{
    "model": "admin.logentry",
    "pk": 8,
    "fields": {
        "action_time": "2017-02-07T16:31:17.580Z",
        "user": [
            "frankmullen@test.com"
        ],
        "content_type": [
            "flatpages",
            "flatpage"
        ],
        "object_id": "4",
        "object_repr": "/test/ -- Test",
        "action_flag": 1,
        "change_message": "[{\"added\": {}}]"
    }
},
{
    "model": "admin.logentry",
    "pk": 10,
    "fields": {
        "action_time": "2017-02-09T16:22:42.601Z",
        "user": [
            "frankmullen@test.com"
        ],
        "content_type": [
            "services",
            "service"
        ],
        "object_id": "1",
        "object_repr": "Service object",
        "action_flag": 1,
        "change_message": "[{\"added\": {}}]"
    }
},
{
    "model": "admin.logentry",
    "pk": 11,
    "fields": {
        "action_time": "2017-02-09T16:23:15.599Z",
        "user": [
            "frankmullen@test.com"
        ],
        "content_type": [
            "services",
            "service"
        ],
        "object_id": "2",
        "object_repr": "Service object",
        "action_flag": 1,
        "change_message": "[{\"added\": {}}]"
    }
},
{
    "model": "admin.logentry",
    "pk": 12,
    "fields": {
        "action_time": "2017-02-09T16:23:31.352Z",
        "user": [
            "frankmullen@test.com"
        ],
        "content_type": [
            "services",
            "service"
        ],
        "object_id": "3",
        "object_repr": "Service object",
        "action_flag": 1,
        "change_message": "[{\"added\": {}}]"
    }
},
{
    "model": "admin.logentry",
    "pk": 13,
    "fields": {
        "action_time": "2017-02-09T16:23:52.629Z",
        "user": [
            "frankmullen@test.com"
        ],
        "content_type": [
            "services",
            "service"
        ],
        "object_id": "4",
        "object_repr": "Service object",
        "action_flag": 1,
        "change_message": "[{\"added\": {}}]"
    }
},
{
    "model": "admin.logentry",
    "pk": 14,
    "fields": {
        "action_time": "2017-02-09T16:25:34.872Z",
        "user": [
            "frankmullen@test.com"
        ],
        "content_type": [
            "services",
            "service"
        ],
        "object_id": "5",
        "object_repr": "Service object",
        "action_flag": 1,
        "change_message": "[{\"added\": {}}]"
    }
},
{
    "model": "admin.logentry",
    "pk": 21,
    "fields": {
        "action_time": "2017-02-16T08:56:00.910Z",
        "user": [
            "frankmullen@test.com"
        ],
        "content_type": [
            "flatpages",
            "flatpage"
        ],
        "object_id": "3",
        "object_repr": "/pages/about/ -- About",
        "action_flag": 3,
        "change_message": ""
    }
},
{
    "model": "admin.logentry",
    "pk": 22,
    "fields": {
        "action_time": "2017-02-16T08:56:00.915Z",
        "user": [
            "frankmullen@test.com"
        ],
        "content_type": [
            "flatpages",
            "flatpage"
        ],
        "object_id": "4",
        "object_repr": "/test/ -- Test",
        "action_flag": 3,
        "change_message": ""
    }
},
{
    "model": "admin.logentry",
    "pk": 29,
    "fields": {
        "action_time": "2017-02-16T14:11:45.984Z",
        "user": [
            "frankmullen@test.com"
        ],
        "content_type": [
            "blog",
            "post"
        ],
        "object_id": "1",
        "object_repr": "Best Dentist Service",
        "action_flag": 2,
        "change_message": "[{\"changed\": {\"fields\": [\"title\", \"content\"]}}]"
    }
},
{
    "model": "admin.logentry",
    "pk": 30,
    "fields": {
        "action_time": "2017-02-16T21:23:49.337Z",
        "user": [
            "frankmullen@test.com"
        ],
        "content_type": [
            "blog",
            "post"
        ],
        "object_id": "1",
        "object_repr": "Best Dentist Service",
        "action_flag": 2,
        "change_message": "[{\"changed\": {\"fields\": [\"image\"]}}]"
    }
},
{
    "model": "admin.logentry",
    "pk": 31,
    "fields": {
        "action_time": "2017-02-16T21:25:39.494Z",
        "user": [
            "frankmullen@test.com"
        ],
        "content_type": [
            "blog",
            "post"
        ],
        "object_id": "1",
        "object_repr": "Best Dentist Service",
        "action_flag": 2,
        "change_message": "[{\"changed\": {\"fields\": [\"content\"]}}]"
    }
},
{
    "model": "admin.logentry",
    "pk": 32,
    "fields": {
        "action_time": "2017-02-17T09:01:17.636Z",
        "user": [
            "frankmullen@test.com"
        ],
        "content_type": [
            "blog",
            "post"
        ],
        "object_id": "2",
        "object_repr": "Toothbrush Tips",
        "action_flag": 1,
        "change_message": "[{\"added\": {}}]"
    }
},
{
    "model": "admin.logentry",
    "pk": 33,
    "fields": {
        "action_time": "2017-02-17T09:04:01.781Z",
        "user": [
            "frankmullen@test.com"
        ],
        "content_type": [
            "blog",
            "post"
        ],
        "object_id": "3",
        "object_repr": "Surgery Hygiene",
        "action_flag": 1,
        "change_message": "[{\"added\": {}}]"
    }
},
{
    "model": "admin.logentry",
    "pk": 34,
    "fields": {
        "action_time": "2017-02-17T09:04:32.753Z",
        "user": [
            "frankmullen@test.com"
        ],
        "content_type": [
            "blog",
            "post"
        ],
        "object_id": "4",
        "object_repr": "Cavity Therapy",
        "action_flag": 1,
        "change_message": "[{\"added\": {}}]"
    }
},
{
    "model": "admin.logentry",
    "pk": 35,
    "fields": {
        "action_time": "2017-02-17T09:05:28.963Z",
        "user": [
            "frankmullen@test.com"
        ],
        "content_type": [
            "blog",
            "post"
        ],
        "object_id": "5",
        "object_repr": "Dental Implants",
        "action_flag": 1,
        "change_message": "[{\"added\": {}}]"
    }
},
{
    "model": "admin.logentry",
    "pk": 36,
    "fields": {
        "action_time": "2017-02-17T09:06:06.877Z",
        "user": [
            "frankmullen@test.com"
        ],
        "content_type": [
            "blog",
            "post"
        ],
        "object_id": "6",
        "object_repr": "Panoramic X-Rays",
        "action_flag": 1,
        "change_message": "[{\"added\": {}}]"
    }
},
{
    "model": "admin.logentry",
    "pk": 37,
    "fields": {
        "action_time": "2017-02-17T09:11:53.222Z",
        "user": [
            "frankmullen@test.com"
        ],
        "content_type": [
            "blog",
            "post"
        ],
        "object_id": "7",
        "object_repr": "Healthy Kids' Teeth",
        "action_flag": 1,
        "change_message": "[{\"added\": {}}]"
    }
},
{
    "model": "admin.logentry",
    "pk": 44,
    "fields": {
        "action_time": "2017-02-20T09:26:09.675Z",
        "user": [
            "frankmullen@test.com"
        ],
        "content_type": [
            "threads",
            "subject"
        ],
        "object_id": "1",
        "object_repr": "Brushing",
        "action_flag": 1,
        "change_message": "[{\"added\": {}}]"
    }
},
{
    "model": "admin.logentry",
    "pk": 45,
    "fields": {
        "action_time": "2017-02-20T09:26:39.974Z",
        "user": [
            "frankmullen@test.com"
        ],
        "content_type": [
            "threads",
            "subject"
        ],
        "object_id": "2",
        "object_repr": "Flossing",
        "action_flag": 1,
        "change_message": "[{\"added\": {}}]"
    }
},
{
    "model": "admin.logentry",
    "pk": 46,
    "fields": {
        "action_time": "2017-02-20T09:27:06.114Z",
        "user": [
            "frankmullen@test.com"
        ],
        "content_type": [
            "threads",
            "subject"
        ],
        "object_id": "3",
        "object_repr": "Gum Health",
        "action_flag": 1,
        "change_message": "[{\"added\": {}}]"
    }
},
{
    "model": "admin.logentry",
    "pk": 47,
    "fields": {
        "action_time": "2017-02-20T09:27:09.816Z",
        "user": [
            "frankmullen@test.com"
        ],
        "content_type": [
            "threads",
            "thread"
        ],
        "object_id": "1",
        "object_repr": "Thread object",
        "action_flag": 1,
        "change_message": "[{\"added\": {}}]"
    }
},
{
    "model": "admin.logentry",
    "pk": 48,
    "fields": {
        "action_time": "2017-02-20T09:27:17.949Z",
        "user": [
            "frankmullen@test.com"
        ],
        "content_type": [
            "threads",
            "thread"
        ],
        "object_id": "1",
        "object_repr": "Thread object",
        "action_flag": 2,
        "change_message": "[]"
    }
},
{
    "model": "admin.logentry",
    "pk": 49,
    "fields": {
        "action_time": "2017-02-20T09:29:52.862Z",
        "user": [
            "frankmullen@test.com"
        ],
        "content_type": [
            "threads",
            "subject"
        ],
        "object_id": "4",
        "object_repr": "Surgery Admin",
        "action_flag": 1,
        "change_message": "[{\"added\": {}}]"
    }
},
{
    "model": "admin.logentry",
    "pk": 50,
    "fields": {
        "action_time": "2017-02-20T09:29:54.953Z",
        "user": [
            "frankmullen@test.com"
        ],
        "content_type": [
            "threads",
            "thread"
        ],
        "object_id": "2",
        "object_repr": "Thread object",
        "action_flag": 1,
        "change_message": "[{\"added\": {}}]"
    }
},
{
    "model": "admin.logentry",
    "pk": 51,
    "fields": {
        "action_time": "2017-02-21T09:08:13.399Z",
        "user": [
            "frankmullen@test.com"
        ],
        "content_type": [
            "threads",
            "subject"
        ],
        "object_id": "1",
        "object_repr": "Brushing",
        "action_flag": 2,
        "change_message": "[]"
    }
},
{
    "model": "admin.logentry",
    "pk": 52,
    "fields": {
        "action_time": "2017-02-21T09:15:29.975Z",
        "user": [
            "frankmullen@test.com"
        ],
        "content_type": [
            "threads",
            "subject"
        ],
        "object_id": "4",
        "object_repr": "Services",
        "action_flag": 2,
        "change_message": "[{\"changed\": {\"fields\": [\"name\", \"description\"]}}]"
    }
},
{
    "model": "admin.logentry",
    "pk": 53,
    "fields": {
        "action_time": "2017-02-21T09:15:48.777Z",
        "user": [
            "frankmullen@test.com"
        ],
        "content_type": [
            "threads",
            "subject"
        ],
        "object_id": "5",
        "object_repr": "Admin",
        "action_flag": 1,
        "change_message": "[{\"added\": {}}]"
    }
},
{
    "model": "admin.logentry",
    "pk": 54,
    "fields": {
        "action_time": "2017-02-21T09:17:49.221Z",
        "user": [
            "frankmullen@test.com"
        ],
        "content_type": [
            "threads",
            "thread"
        ],
        "object_id": "1",
        "object_repr": "Thread object",
        "action_flag": 3,
        "change_message": ""
    }
}
]